-- ============================================
-- SEED DUMMY DATA FOR IMPACT & SOLUTIONS
-- ============================================
-- This script inserts dummy data into events, services, products, 
-- job postings, and employees tables.
-- Run this script after setting up your database.

-- ============================================
-- 1. SERVICE CATEGORIES
-- ============================================
INSERT INTO `service_categories` (`id`, `name`, `slug`, `description`, `isActive`, `sortOrder`, `createdAt`, `updatedAt`) VALUES
('svc_cat_001', 'Maintenance Services', 'maintenance-services', 'Comprehensive maintenance and support services for clean utility systems', true, 1, NOW(), NOW()),
('svc_cat_002', 'Validation & Calibration', 'validation-calibration', 'Precision validation and calibration services for critical instruments', true, 2, NOW(), NOW()),
('svc_cat_003', 'Training & Support', 'training-support', 'Expert training programs and technical support services', true, 3, NOW(), NOW()),
('svc_cat_004', 'Installation & Commissioning', 'installation-commissioning', 'Professional installation and commissioning services', true, 4, NOW(), NOW());

-- ============================================
-- 2. SERVICES
-- ============================================
INSERT INTO `services` (`id`, `name`, `slug`, `description`, `categoryId`, `serviceType`, `duration`, `price`, `currency`, `imageUrl`, `bookUrl`, `isActive`, `isFeatured`, `sortOrder`, `createdAt`, `updatedAt`) VALUES
('svc_001', 'Annual Maintenance Contract', 'annual-maintenance-contract', 'Comprehensive yearly contracts ensuring optimal system performance and longevity for all your clean utility systems. Includes regular inspections, preventive maintenance, and priority support.', 'svc_cat_001', 'contract', '12 months', 150000.00, 'INR', 'https://images.unsplash.com/photo-1522071820081-009f0129c71c?w=800&q=80', 'https://impact-solutions.com/book/amc', true, true, 1, NOW(), NOW()),
('svc_002', 'Calibration & Validation', 'calibration-validation', 'Precision instrument calibration services adhering to international quality standards, ensuring accuracy and compliance. GMP/GLP compliant validation services.', 'svc_cat_002', 'service', '1-3 days', 25000.00, 'INR', 'https://images.unsplash.com/photo-1522202176988-66273c2fd55f?w=800&q=80', 'https://impact-solutions.com/book/calibration', true, true, 2, NOW(), NOW()),
('svc_003', 'Operation & Maintenance', 'operation-maintenance', 'End-to-end operational support and routine maintenance for uninterrupted facility utility operations. 24/7 support available.', 'svc_cat_001', 'service', 'Ongoing', 50000.00, 'INR', 'https://images.unsplash.com/photo-1552664730-d307ca884978?w=800&q=80', 'https://impact-solutions.com/book/operation', true, true, 3, NOW(), NOW()),
('svc_004', 'Breakdown Visits', 'breakdown-visits', 'Rapid response teams dedicated to minimizing downtime during critical system failures with 24/7 support. Emergency service available.', 'svc_cat_001', 'service', '2-4 hours', 15000.00, 'INR', 'https://images.unsplash.com/photo-1556761175-5973dc0f32e7?w=800&q=80', 'https://impact-solutions.com/book/breakdown', true, false, 4, NOW(), NOW()),
('svc_005', 'Training Programs', 'training-programs', 'Expert-led technical training programs for staff on system operation, maintenance, and safety protocols. Customized training available.', 'svc_cat_003', 'service', '1-5 days', 35000.00, 'INR', 'https://images.unsplash.com/photo-1522202176988-66273c2fd55f?w=800&q=80', 'https://impact-solutions.com/book/training', true, false, 5, NOW(), NOW()),
('svc_006', 'Spare Parts & Consumables', 'spare-parts-consumables', 'Supply of genuine high-quality spare parts and consumables for all utility systems with guaranteed compatibility. OEM parts available.', 'svc_cat_001', 'product', 'As needed', NULL, 'INR', 'https://images.unsplash.com/photo-1552664730-d307ca884978?w=800&q=80', 'https://impact-solutions.com/book/spares', true, false, 6, NOW(), NOW()),
('svc_007', 'System Installation', 'system-installation', 'Professional installation of clean utility systems with full commissioning and validation support.', 'svc_cat_004', 'service', '2-4 weeks', 200000.00, 'INR', 'https://images.unsplash.com/photo-1581091226825-a6a2a5aee158?w=800&q=80', 'https://impact-solutions.com/book/installation', true, true, 7, NOW(), NOW()),
('svc_008', 'IQ/OQ/PQ Validation', 'iq-oq-pq-validation', 'Installation Qualification, Operational Qualification, and Performance Qualification services for regulatory compliance.', 'svc_cat_002', 'service', '1-2 weeks', 180000.00, 'INR', 'https://images.unsplash.com/photo-1551288049-bebda4e38f71?w=800&q=80', 'https://impact-solutions.com/book/validation', true, true, 8, NOW(), NOW());

-- ============================================
-- 3. PRODUCT CATEGORIES
-- ============================================
INSERT INTO `product_categories` (`id`, `name`, `slug`, `description`, `imageUrl`, `isActive`, `sortOrder`, `createdAt`, `updatedAt`) VALUES
('prod_cat_001', 'Water Analysis', 'water-analysis', 'High-precision water analysis instruments and systems', 'https://images.unsplash.com/photo-1581091226825-a6a2a5aee158?w=800&q=80', true, 1, NOW(), NOW()),
('prod_cat_002', 'Water Systems', 'water-systems', 'Complete water purification and distribution systems', 'https://images.unsplash.com/photo-1558618666-fcd25c85cd64?w=800&q=80', true, 2, NOW(), NOW()),
('prod_cat_003', 'Thermal Management', 'thermal-management', 'Heat exchangers and thermal control systems', 'https://images.unsplash.com/photo-1621905251918-48416bd8575a?w=800&q=80', true, 3, NOW(), NOW()),
('prod_cat_004', 'Monitoring Systems', 'monitoring-systems', 'Real-time monitoring and particle detection systems', 'https://images.unsplash.com/photo-1551288049-bebda4e38f71?w=800&q=80', true, 4, NOW(), NOW()),
('prod_cat_005', 'Quality Assurance', 'quality-assurance', 'Filter integrity testing and quality control equipment', 'https://images.unsplash.com/photo-1582719478250-c89cae4dc85b?w=800&q=80', true, 5, NOW(), NOW()),
('prod_cat_006', 'Environmental Monitoring', 'environmental-monitoring', 'Air and surface monitoring systems for clean rooms', 'https://images.unsplash.com/photo-1582719478250-c89cae4dc85b?w=800&q=80', true, 6, NOW(), NOW());

-- ============================================
-- 4. PRODUCTS
-- ============================================
INSERT INTO `products` (`id`, `name`, `slug`, `description`, `sku`, `categoryId`, `price`, `currency`, `isAvailable`, `imageUrl`, `isActive`, `isFeatured`, `sortOrder`, `createdAt`, `updatedAt`) VALUES
('prod_001', 'MINI TOC 1 Analyzer', 'mini-toc-1-analyzer', 'High-purity Total Organic Carbon analyzer engineered for precision monitoring and compliance in pharmaceutical and biotech applications. Features real-time monitoring, automated calibration, and GMP compliance.', 'TOC-MINI-1', 'prod_cat_001', 850000.00, 'INR', true, 'https://images.unsplash.com/photo-1581091226825-a6a2a5aee158?w=800&q=80', true, true, 1, NOW(), NOW()),
('prod_002', 'MINI TOC 2 Analyzer', 'mini-toc-2-analyzer', 'Advanced TOC analyzer with enhanced sensitivity and multi-stream capability. Ideal for critical water systems requiring continuous monitoring and validation.', 'TOC-MINI-2', 'prod_cat_001', 1200000.00, 'INR', true, 'https://images.unsplash.com/photo-1581091226825-a6a2a5aee158?w=800&q=80', true, true, 2, NOW(), NOW()),
('prod_003', 'IPACT POU Cooler', 'ipact-pou-cooler', 'Point-of-use cooler and clean water system designed for optimal performance, reliability, and energy efficiency in critical environments. Features stainless steel construction and advanced temperature control.', 'POU-IPACT', 'prod_cat_002', 450000.00, 'INR', true, 'https://images.unsplash.com/photo-1558618666-fcd25c85cd64?w=800&q=80', true, true, 3, NOW(), NOW()),
('prod_004', 'IPACT+ Advanced Cooler', 'ipact-plus-advanced-cooler', 'Next-generation POU cooler with enhanced features including digital display, remote monitoring, and energy-saving modes. Perfect for high-demand applications.', 'POU-IPACT-PLUS', 'prod_cat_002', 650000.00, 'INR', true, 'https://images.unsplash.com/photo-1558618666-fcd25c85cd64?w=800&q=80', true, true, 4, NOW(), NOW()),
('prod_005', 'MINI DTSU-BEND Heat Exchanger', 'mini-dtsu-bend-heat-exchanger', 'Compact heat exchanger engineered for efficient thermal management in clean utility systems. Features high heat transfer efficiency and compact design.', 'HE-MINI-DTSU-BEND', 'prod_cat_003', 320000.00, 'INR', true, 'https://images.unsplash.com/photo-1621905251918-48416bd8575a?w=800&q=80', true, false, 5, NOW(), NOW()),
('prod_006', 'MINI DTS Heat Exchanger', 'mini-dts-heat-exchanger', 'Double tube sheet heat exchanger for critical applications requiring zero cross-contamination. Ideal for pharmaceutical water systems.', 'HE-MINI-DTS', 'prod_cat_003', 380000.00, 'INR', true, 'https://images.unsplash.com/photo-1621905251918-48416bd8575a?w=800&q=80', true, false, 6, NOW(), NOW()),
('prod_007', 'DTS Shell & Tube Heat Exchanger', 'dts-shell-tube-heat-exchanger', 'Large capacity shell and tube heat exchanger with double tube sheet design. Suitable for high-flow applications in industrial settings.', 'HE-DTS-ST', 'prod_cat_003', 550000.00, 'INR', true, 'https://images.unsplash.com/photo-1621905251918-48416bd8575a?w=800&q=80', true, false, 7, NOW(), NOW()),
('prod_008', 'Airborne Particle Counter', 'airborne-particle-counter', 'Advanced monitoring solution for real-time airborne particle detection ensuring air quality compliance in clean rooms and controlled environments.', 'PC-AIR-001', 'prod_cat_004', 280000.00, 'INR', true, 'https://images.unsplash.com/photo-1551288049-bebda4e38f71?w=800&q=80', true, true, 8, NOW(), NOW()),
('prod_009', 'Online Liquid Particle Counter', 'online-liquid-particle-counter', 'Continuous liquid particle monitoring system for water systems. Provides real-time data logging and alarm capabilities.', 'PC-LIQ-ONLINE', 'prod_cat_004', 350000.00, 'INR', true, 'https://images.unsplash.com/photo-1551288049-bebda4e38f71?w=800&q=80', true, true, 9, NOW(), NOW()),
('prod_010', 'Portable Liquid Particle Counter', 'portable-liquid-particle-counter', 'Handheld particle counter for spot checks and validation. Battery-powered with data logging capabilities.', 'PC-LIQ-PORT', 'prod_cat_004', 180000.00, 'INR', true, 'https://images.unsplash.com/photo-1551288049-bebda4e38f71?w=800&q=80', true, false, 10, NOW(), NOW()),
('prod_011', 'Filter Integrity Tester', 'filter-integrity-tester', 'Comprehensive filter integrity testing solution ensuring optimal filtration performance and regulatory compliance for critical applications. Automated testing with report generation.', 'FIT-001', 'prod_cat_005', 420000.00, 'INR', true, 'https://images.unsplash.com/photo-1582719478250-c89cae4dc85b?w=800&q=80', true, true, 11, NOW(), NOW()),
('prod_012', 'Microbial Air Sampler', 'microbial-air-sampler', 'Advanced microbial air sampling system for environmental monitoring, contamination control, and quality assurance in sterile environments. ISO 14698 compliant.', 'MAS-001', 'prod_cat_006', 320000.00, 'INR', true, 'https://images.unsplash.com/photo-1582719478250-c89cae4dc85b?w=800&q=80', true, true, 12, NOW(), NOW());

-- ============================================
-- 5. DEPARTMENTS
-- ============================================
INSERT INTO `departments` (`id`, `name`, `description`, `isActive`, `createdAt`, `updatedAt`) VALUES
('dept_001', 'Engineering', 'Engineering and technical services department responsible for system design, installation, and commissioning', true, NOW(), NOW()),
('dept_002', 'Sales & Business Development', 'Sales team focused on business development and customer relationships', true, NOW(), NOW()),
('dept_003', 'Operations & Maintenance', 'Operations team managing day-to-day maintenance and support services', true, NOW(), NOW()),
('dept_004', 'Quality Assurance', 'Quality assurance and validation services ensuring compliance and standards', true, NOW(), NOW()),
('dept_005', 'Research & Development', 'R&D team working on innovative solutions and product development', true, NOW(), NOW()),
('dept_006', 'Customer Support', 'Customer support and service team providing technical assistance', true, NOW(), NOW());

-- ============================================
-- 6. JOB POSTINGS
-- ============================================
INSERT INTO `job_postings` (`id`, `title`, `slug`, `departmentId`, `jobType`, `location`, `isRemote`, `description`, `requirements`, `salaryMin`, `salaryMax`, `currency`, `applicationDeadline`, `applicationEmail`, `isActive`, `isFeatured`, `postedAt`, `createdAt`, `updatedAt`) VALUES
('job_001', 'Senior Water Systems Engineer', 'senior-water-systems-engineer', 'dept_001', 'full-time', 'Navi Mumbai, Maharashtra', false, 'We are seeking an experienced Senior Water Systems Engineer to lead design and implementation of clean utility systems. You will work on high-profile projects for pharmaceutical and biotech clients, ensuring compliance with GMP standards and regulatory requirements.', 'Bachelor\'s degree in Chemical/Mechanical Engineering, 5+ years experience in water systems design, knowledge of GMP/GLP standards, strong project management skills', 800000.00, 1200000.00, 'INR', DATE_ADD(NOW(), INTERVAL 30 DAY), 'careers@impact-solutions.com', true, true, NOW(), NOW(), NOW()),
('job_002', 'Sales Manager - Pharmaceutical Sector', 'sales-manager-pharmaceutical-sector', 'dept_002', 'full-time', 'Mumbai, Maharashtra', false, 'Join our dynamic sales team as a Sales Manager focusing on the pharmaceutical sector. You will be responsible for building relationships with key clients, identifying opportunities, and driving revenue growth in the clean utility solutions space.', 'MBA or equivalent, 3+ years B2B sales experience in pharma/industrial sector, excellent communication skills, proven track record of meeting targets', 600000.00, 900000.00, 'INR', DATE_ADD(NOW(), INTERVAL 25 DAY), 'careers@impact-solutions.com', true, true, NOW(), NOW(), NOW()),
('job_003', 'Validation Engineer', 'validation-engineer', 'dept_004', 'full-time', 'Pune, Maharashtra', false, 'We are looking for a Validation Engineer to perform IQ/OQ/PQ validation activities for clean utility systems. This role involves working closely with clients to ensure regulatory compliance and system validation.', 'Bachelor\'s degree in Engineering, 2+ years validation experience, knowledge of FDA/EMA guidelines, attention to detail, excellent documentation skills', 500000.00, 750000.00, 'INR', DATE_ADD(NOW(), INTERVAL 20 DAY), 'careers@impact-solutions.com', true, false, NOW(), NOW(), NOW()),
('job_004', 'Service Technician', 'service-technician', 'dept_003', 'full-time', 'Hyderabad, Telangana', false, 'Join our operations team as a Service Technician. You will be responsible for installation, maintenance, and troubleshooting of water systems and related equipment. Field work and customer interaction required.', 'Diploma in Mechanical/Electrical Engineering, 1+ years field service experience, willingness to travel, strong problem-solving skills', 300000.00, 450000.00, 'INR', DATE_ADD(NOW(), INTERVAL 15 DAY), 'careers@impact-solutions.com', true, false, NOW(), NOW(), NOW()),
('job_005', 'R&D Engineer - Water Treatment', 'rd-engineer-water-treatment', 'dept_005', 'full-time', 'Bangalore, Karnataka', true, 'We are seeking an innovative R&D Engineer to work on developing next-generation water treatment solutions. This role involves research, prototyping, and collaboration with cross-functional teams.', 'Master\'s degree in Chemical/Environmental Engineering, 2+ years R&D experience, knowledge of water treatment technologies, creative problem-solving abilities', 700000.00, 1000000.00, 'INR', DATE_ADD(NOW(), INTERVAL 35 DAY), 'careers@impact-solutions.com', true, true, NOW(), NOW(), NOW()),
('job_006', 'Customer Support Specialist', 'customer-support-specialist', 'dept_006', 'full-time', 'Navi Mumbai, Maharashtra', false, 'Join our customer support team to provide technical assistance and support to our clients. You will handle inquiries, troubleshoot issues, and ensure customer satisfaction.', 'Bachelor\'s degree, excellent communication skills, technical aptitude, customer service experience preferred, ability to work in shifts', 350000.00, 500000.00, 'INR', DATE_ADD(NOW(), INTERVAL 18 DAY), 'careers@impact-solutions.com', true, false, NOW(), NOW(), NOW());

-- ============================================
-- 7. EVENTS
-- ============================================
INSERT INTO `events` (`id`, `title`, `slug`, `eventType`, `description`, `startDate`, `endDate`, `timeZone`, `location`, `address`, `city`, `isOnline`, `onlineUrl`, `imageUrl`, `requiresRegistration`, `registrationUrl`, `registrationDeadline`, `maxAttendees`, `status`, `isPublished`, `isFeatured`, `createdAt`, `updatedAt`) VALUES
('evt_001', 'Clean Utility Systems Workshop 2025', 'clean-utility-systems-workshop-2025', 'workshop', 'Join us for an intensive workshop on clean utility systems design, validation, and maintenance. Learn from industry experts about best practices, regulatory compliance, and emerging technologies in water purification and distribution systems.', DATE_ADD(NOW(), INTERVAL 15 DAY), DATE_ADD(NOW(), INTERVAL 16 DAY), 'Asia/Kolkata', 'Taj Lands End', 'Bandra Kurla Complex, Bandra West, Mumbai, Maharashtra 400050', 'Mumbai', false, NULL, 'https://images.unsplash.com/photo-1522071820081-009f0129c71c?w=1200&q=80', true, 'https://impact-solutions.com/events/register/workshop-2025', DATE_ADD(NOW(), INTERVAL 10 DAY), 100, 'upcoming', true, true, NOW(), NOW()),
('evt_002', 'Pharmaceutical Water Quality Webinar', 'pharmaceutical-water-quality-webinar', 'webinar', 'Free webinar covering pharmaceutical water quality standards, monitoring techniques, and compliance requirements. Interactive Q&A session with industry experts.', DATE_ADD(NOW(), INTERVAL 7 DAY), DATE_ADD(NOW(), INTERVAL 7 DAY), 'Asia/Kolkata', NULL, NULL, NULL, true, 'https://zoom.us/j/webinar-pharma-water', 'https://images.unsplash.com/photo-1522202176988-66273c2fd55f?w=1200&q=80', true, 'https://impact-solutions.com/events/register/webinar-pharma', DATE_ADD(NOW(), INTERVAL 5 DAY), 500, 'upcoming', true, true, NOW(), NOW()),
('evt_003', 'Product Launch: Next-Gen TOC Analyzer', 'product-launch-next-gen-toc-analyzer', 'product-launch', 'Exclusive launch event for our latest MINI TOC 3 analyzer with advanced features. Live demonstrations, technical sessions, and special launch pricing available.', DATE_ADD(NOW(), INTERVAL 30 DAY), DATE_ADD(NOW(), INTERVAL 30 DAY), 'Asia/Kolkata', 'ITC Maratha', 'Sahar, Andheri East, Mumbai, Maharashtra 400099', 'Mumbai', false, NULL, 'https://images.unsplash.com/photo-1581091226825-a6a2a5aee158?w=1200&q=80', true, 'https://impact-solutions.com/events/register/toc-launch', DATE_ADD(NOW(), INTERVAL 25 DAY), 150, 'upcoming', true, true, NOW(), NOW()),
('evt_004', 'Annual Customer Meet 2025', 'annual-customer-meet-2025', 'conference', 'Annual gathering of our valued customers. Network with industry peers, attend technical sessions, and learn about our latest innovations and service offerings.', DATE_ADD(NOW(), INTERVAL 60 DAY), DATE_ADD(NOW(), INTERVAL 61 DAY), 'Asia/Kolkata', 'The Leela Mumbai', 'Sahar, Andheri East, Mumbai, Maharashtra 400059', 'Mumbai', false, NULL, 'https://images.unsplash.com/photo-1552664730-d307ca884978?w=1200&q=80', true, 'https://impact-solutions.com/events/register/customer-meet-2025', DATE_ADD(NOW(), INTERVAL 45 DAY), 200, 'upcoming', true, true, NOW(), NOW()),
('evt_005', 'GMP Compliance Training Session', 'gmp-compliance-training-session', 'training', 'Comprehensive training session on GMP compliance for water systems. Covers validation requirements, documentation, and regulatory expectations. Certificate of completion provided.', DATE_ADD(NOW(), INTERVAL 20 DAY), DATE_ADD(NOW(), INTERVAL 21 DAY), 'Asia/Kolkata', 'Holiday Inn Mumbai International Airport', 'Andheri East, Mumbai, Maharashtra 400099', 'Mumbai', false, NULL, 'https://images.unsplash.com/photo-1556761175-5973dc0f32e7?w=1200&q=80', true, 'https://impact-solutions.com/events/register/gmp-training', DATE_ADD(NOW(), INTERVAL 15 DAY), 50, 'upcoming', true, false, NOW(), NOW()),
('evt_006', 'Industry Roundtable: Future of Clean Utilities', 'industry-roundtable-future-clean-utilities', 'roundtable', 'Exclusive roundtable discussion with industry leaders on the future of clean utility systems. Topics include sustainability, digitalization, and emerging technologies.', DATE_ADD(NOW(), INTERVAL 45 DAY), DATE_ADD(NOW(), INTERVAL 45 DAY), 'Asia/Kolkata', 'The Oberoi Mumbai', 'Nariman Point, Mumbai, Maharashtra 400021', 'Mumbai', false, NULL, 'https://images.unsplash.com/photo-1522202176988-66273c2fd55f?w=1200&q=80', true, 'https://impact-solutions.com/events/register/roundtable', DATE_ADD(NOW(), INTERVAL 35 DAY), 30, 'upcoming', true, false, NOW(), NOW());

-- ============================================
-- 8. EMPLOYEES
-- ============================================
INSERT INTO `employees` (`id`, `firstName`, `lastName`, `email`, `phone`, `designation`, `department`, `bio`, `imageUrl`, `linkedinUrl`, `managerId`, `isActive`, `sortOrder`, `joinedAt`, `createdAt`, `updatedAt`) VALUES
('emp_001', 'Rajesh', 'Kumar', 'rajesh.kumar@impact-solutions.com', '+91-9876543210', 'Chief Executive Officer', 'Executive', 'With over 20 years of experience in the clean utility industry, Rajesh leads Impact & Solutions with a vision to transform water management in India. He holds a Master\'s degree in Chemical Engineering and has been instrumental in establishing partnerships with leading pharmaceutical companies.', 'https://images.unsplash.com/photo-1507003211169-0a1dd7228f2d?w=400&q=80', 'https://linkedin.com/in/rajesh-kumar', NULL, true, 1, '2018-01-15', NOW(), NOW()),
('emp_002', 'Priya', 'Sharma', 'priya.sharma@impact-solutions.com', '+91-9876543211', 'Chief Technology Officer', 'Engineering', 'Priya brings 15 years of technical expertise in water systems design and validation. She oversees all engineering projects and ensures compliance with international standards. She is a certified validation professional.', 'https://images.unsplash.com/photo-1494790108377-be9c29b29330?w=400&q=80', 'https://linkedin.com/in/priya-sharma', 'emp_001', true, 2, '2018-03-01', NOW(), NOW()),
('emp_003', 'Amit', 'Patel', 'amit.patel@impact-solutions.com', '+91-9876543212', 'Head of Sales', 'Sales & Business Development', 'Amit leads our sales team with a proven track record of building relationships with top pharmaceutical companies. He has over 12 years of experience in B2B sales and business development in the industrial sector.', 'https://images.unsplash.com/photo-1472099645785-5658abf4ff4e?w=400&q=80', 'https://linkedin.com/in/amit-patel', 'emp_001', true, 3, '2018-05-10', NOW(), NOW()),
('emp_004', 'Sneha', 'Reddy', 'sneha.reddy@impact-solutions.com', '+91-9876543213', 'Operations Manager', 'Operations & Maintenance', 'Sneha manages our operations team ensuring seamless service delivery across all client locations. She has extensive experience in facility management and maintenance operations.', 'https://images.unsplash.com/photo-1438761681033-6461ffad8d80?w=400&q=80', 'https://linkedin.com/in/sneha-reddy', 'emp_001', true, 4, '2018-06-15', NOW(), NOW()),
('emp_005', 'Vikram', 'Singh', 'vikram.singh@impact-solutions.com', '+91-9876543214', 'Senior Project Engineer', 'Engineering', 'Vikram specializes in water system design and installation. He has successfully led over 50 installation projects for major pharmaceutical clients. He holds a Bachelor\'s in Mechanical Engineering.', 'https://images.unsplash.com/photo-1500648767791-00dcc994a43e?w=400&q=80', 'https://linkedin.com/in/vikram-singh', 'emp_002', true, 5, '2019-02-01', NOW(), NOW()),
('emp_006', 'Anjali', 'Mehta', 'anjali.mehta@impact-solutions.com', '+91-9876543215', 'Validation Engineer', 'Quality Assurance', 'Anjali is a certified validation engineer with expertise in IQ/OQ/PQ protocols. She ensures all our systems meet regulatory compliance standards. She has a Master\'s in Pharmaceutical Sciences.', 'https://images.unsplash.com/photo-1544005313-94ddf0286df2?w=400&q=80', 'https://linkedin.com/in/anjali-mehta', 'emp_004', true, 6, '2019-04-10', NOW(), NOW()),
('emp_007', 'Rohit', 'Desai', 'rohit.desai@impact-solutions.com', '+91-9876543216', 'Sales Manager', 'Sales & Business Development', 'Rohit focuses on the pharmaceutical sector, building strong relationships with key clients. He has a deep understanding of clean utility requirements in pharma manufacturing.', 'https://images.unsplash.com/photo-1506794778202-cad84cf45f1d?w=400&q=80', 'https://linkedin.com/in/rohit-desai', 'emp_003', true, 7, '2019-07-20', NOW(), NOW()),
('emp_008', 'Kavita', 'Nair', 'kavita.nair@impact-solutions.com', '+91-9876543217', 'Service Technician', 'Operations & Maintenance', 'Kavita is a skilled service technician with expertise in troubleshooting and maintenance of water systems. She provides on-site support to clients across Maharashtra.', 'https://images.unsplash.com/photo-1534528741775-53994a69daeb?w=400&q=80', 'https://linkedin.com/in/kavita-nair', 'emp_004', true, 8, '2020-01-15', NOW(), NOW()),
('emp_009', 'Arjun', 'Iyer', 'arjun.iyer@impact-solutions.com', '+91-9876543218', 'R&D Engineer', 'Research & Development', 'Arjun works on developing innovative solutions for water treatment. He holds a Ph.D. in Environmental Engineering and has published several research papers.', 'https://images.unsplash.com/photo-1507003211169-0a1dd7228f2d?w=400&q=80', 'https://linkedin.com/in/arjun-iyer', 'emp_002', true, 9, '2020-03-01', NOW(), NOW()),
('emp_010', 'Meera', 'Joshi', 'meera.joshi@impact-solutions.com', '+91-9876543219', 'Customer Support Lead', 'Customer Support', 'Meera leads our customer support team, ensuring timely resolution of client queries and issues. She has excellent technical knowledge and communication skills.', 'https://images.unsplash.com/photo-1531123897727-8f129e1688ce?w=400&q=80', 'https://linkedin.com/in/meera-joshi', 'emp_004', true, 10, '2020-06-10', NOW(), NOW()),
('emp_011', 'Suresh', 'Kumar', 'suresh.kumar@impact-solutions.com', '+91-9876543220', 'Project Engineer', 'Engineering', 'Suresh assists in project execution and system installations. He has hands-on experience with various water treatment technologies and equipment.', 'https://images.unsplash.com/photo-1506794778202-cad84cf45f1d?w=400&q=80', 'https://linkedin.com/in/suresh-kumar', 'emp_005', true, 11, '2021-02-15', NOW(), NOW()),
('emp_012', 'Divya', 'Krishnan', 'divya.krishnan@impact-solutions.com', '+91-9876543221', 'Quality Assurance Specialist', 'Quality Assurance', 'Divya ensures quality standards across all our services and products. She conducts audits and maintains compliance documentation for regulatory requirements.', 'https://images.unsplash.com/photo-1487412720507-e7ab37603c6f?w=400&q=80', 'https://linkedin.com/in/divya-krishnan', 'emp_006', true, 12, '2021-05-20', NOW(), NOW());

-- ============================================
-- END OF SEED DATA
-- ============================================
-- Note: Make sure to run this script after your database is set up
-- and all migrations have been applied.
-- 
-- To run this script:
-- 1. Using MySQL command line:
--    mysql -u your_username -p your_database < scripts/seed-dummy-data.sql
-- 
-- 2. Using Prisma Studio or database client:
--    Copy and paste the SQL statements into your database client
-- 
-- 3. Using Prisma seed script (recommended):
--    Create a seed.ts file and use Prisma client to insert data

